{
  "pairs": {
    "polygon:0x8bc8e9f621ee8babda8dc0e6fc991aaf9bf8510b:LINK/USDC": {},
    "polygon:0xcd353f79d9fade311fc3119b841e1f456b54e858:WMATIC/USDC": {
      "lastSentAt": 1766929216,
      "lastSentProfit": 1.3783829782103818,
      "lastSushi": 0.10728125346344908,
      "lastOdos": 0.10876
    }
  },
  "meta": {
    "lastAnySentAt": 1766929216
  }
}