{
  "pairs": {
    "polygon:LINK/USDC:UNI->ODOS": {},
    "polygon:WMATIC/USDC:UNI->ODOS": {
      "lastSentAt": 1767078041,
      "lastSentProfit": 10.687015503875966,
      "lastUniswap": 0.1032,
      "lastOdos": 0.114229
    },
    "polygon:LINK:USDC:1000": {
      "samples": [
        {
          "t": 1767085349,
          "p": -95.7624409
        }
      ],
      "lastAnyAt": 1767085349
    },
    "polygon:MATIC:USDC:1000": {
      "samples": [
        {
          "t": 1767085351,
          "p": -2.8812634999999998
        }
      ],
      "lastAnyAt": 1767085351
    },
    "polygon:AAVE:USDC:1000": {
      "samples": [
        {
          "t": 1767085352,
          "p": -88.185924
        }
      ],
      "lastAnyAt": 1767085352
    }
  },
  "meta": {
    "lastAnySentAt": 1767078041
  }
}