{
  "pairs": {
    "polygon:LINK/USDC:UNI->ODOS": {},
    "polygon:WMATIC/USDC:UNI->ODOS": {
      "lastSentAt": 1767078041,
      "lastSentProfit": 10.687015503875966,
      "lastUniswap": 0.1032,
      "lastOdos": 0.114229
    },
    "polygon:LINK:USDC:1000": {
      "samples": [
        {
          "t": 1767085349,
          "p": -95.7624409
        },
        {
          "t": 1767088403,
          "p": -95.7469146
        }
      ],
      "lastAnyAt": 1767088403
    },
    "polygon:MATIC:USDC:1000": {
      "samples": [
        {
          "t": 1767085351,
          "p": -2.8812634999999998
        },
        {
          "t": 1767088406,
          "p": -2.5753728
        }
      ],
      "lastAnyAt": 1767088406
    },
    "polygon:AAVE:USDC:1000": {
      "samples": [
        {
          "t": 1767085352,
          "p": -88.185924
        },
        {
          "t": 1767088408,
          "p": -88.1857476
        }
      ],
      "lastAnyAt": 1767088408
    }
  },
  "meta": {
    "lastAnySentAt": 1767078041
  }
}